{"is_source_file": false, "format": "", "description": "", "external_files": [], "external_methods": [], "published": [], "classes": [], "methods": [], "calls": [], "search-terms": [], "state": 2, "file_id": 6, "knowledge_revision": 9, "git_revision": "5dcbd6a1ddaaae02952db1b83254cbb02f522c45", "hash": "05f1ca61164f58dd69e4f66f2c9bcbc5", "format-version": 4, "code-base-name": "ros2_emulator_backend", "filename": "README.md", "revision_history": [{"9": "5dcbd6a1ddaaae02952db1b83254cbb02f522c45"}]}