{"is_source_file": true, "format": "Python", "description": "A simple Python script that imports an application object and runs it if the script is executed directly.", "external_files": ["app"], "external_methods": ["app.run"], "published": [], "classes": [], "methods": [{"name": "main", "description": "Entry point of the script, runs the application if executed directly."}], "calls": ["app.run"], "search-terms": ["run.py", "app", "if __name__ == \"__main__\"", "app.run"], "state": 2, "file_id": 1, "knowledge_revision": 10, "git_revision": "34762510269d1f0b1eb6027d92c866b928d6e805", "ctags": [], "hash": "b4cfd2f2017c7f88e4049fa0ed026e86", "format-version": 4, "code-base-name": "ros2_emulator_backend", "filename": "ros2_emulator_backend/run.py", "revision_history": [{"10": "34762510269d1f0b1eb6027d92c866b928d6e805"}]}