{"is_source_file": false, "format": "", "description": "", "external_files": [], "external_methods": [], "published": [], "classes": [], "methods": [], "calls": [], "search-terms": ["QuikStart", "DeltaAPI", "Lua scripting", "ROS2 emulator", "swagger", "OpenAPI", "digital I/O", "Modbus", "robot state", "emulator"], "state": 2, "file_id": 13, "knowledge_revision": 33, "git_revision": "bd033e269312a1593b33875149da9b16d97faeec", "hash": "c72c723a9762cc1cfc0aa7cf58bd824b", "format-version": 4, "code-base-name": "ros2_emulator_backend", "filename": "ros2_emulator_backend/QUICKSTART.md", "revision_history": [{"33": "bd033e269312a1593b33875149da9b16d97faeec"}]}