{"is_source_file": true, "format": "Python", "description": "This file generates an OpenAPI specification from a Flask application using flask-smorest. It retrieves the API spec and writes it to a JSON file within a directory named 'interfaces'.", "external_files": ["app"], "external_methods": ["api.spec.to_dict"], "published": [], "classes": [], "methods": [{"name": "main", "description": "Main script logic that retrieves the API spec and writes it to a file."}], "calls": ["json.dump", "os.makedirs", "os.path.join", "with app.app_context()", "api.spec.to_dict()", "open(openapi_spec, \"w\")"], "search-terms": ["generate_openapi", "flask-smorest", "api.spec.to_dict", "openapi.json", "app.app_context"], "state": 2, "file_id": 5, "knowledge_revision": 12, "git_revision": "34762510269d1f0b1eb6027d92c866b928d6e805", "ctags": [{"_type": "tag", "name": "openapi_spec", "path": "/home/kavia/workspace/code-generation/deltaarm-robot-emulator-54-63/ros2_emulator_backend/generate_openapi.py", "pattern": "/^    openapi_spec = api.spec.to_dict()$/", "language": "Python", "kind": "variable"}, {"_type": "tag", "name": "output_dir", "path": "/home/kavia/workspace/code-generation/deltaarm-robot-emulator-54-63/ros2_emulator_backend/generate_openapi.py", "pattern": "/^    output_dir = \"interfaces\"$/", "language": "Python", "kind": "variable"}, {"_type": "tag", "name": "output_path", "path": "/home/kavia/workspace/code-generation/deltaarm-robot-emulator-54-63/ros2_emulator_backend/generate_openapi.py", "pattern": "/^    output_path = os.path.join(output_dir, \"openapi.json\")$/", "language": "Python", "kind": "variable"}], "hash": "65ec7d3cc6c826bade677c81704d7819", "format-version": 4, "code-base-name": "ros2_emulator_backend", "filename": "ros2_emulator_backend/generate_openapi.py", "fields": [{"name": "openapi_spec = api.spec.to_dict()", "scope": "", "scopeKind": "", "description": "unavailable"}, {"name": "output_dir = \"interfaces\"", "scope": "", "scopeKind": "", "description": "unavailable"}, {"name": "output_path = os.path.join(output_dir, \"openapi.json\")", "scope": "", "scopeKind": "", "description": "unavailable"}], "revision_history": [{"12": "34762510269d1f0b1eb6027d92c866b928d6e805"}]}