{"is_source_file": true, "file_id": 3, "git_revision": "34762510269d1f0b1eb6027d92c866b928d6e805", "state": 2, "description": "", "external_files": [], "external_methods": [], "published": [], "classes": [], "methods": [], "calls": [], "search-terms": [], "ctags": [], "hash": null, "format-version": 4, "code-base-name": "ros2_emulator_backend", "filename": "ros2_emulator_backend/app/routes/__init__.py", "knowledge_revision": 8, "revision_history": [{"8": "34762510269d1f0b1eb6027d92c866b928d6e805"}]}