{"is_source_file": true, "format": "Python", "description": "This file initializes a Flask web application, sets configuration options, enables CORS, and registers API route blueprints for a robot emulator backend.", "external_files": ["from .routes.health import blp as health_blp", "from .routes.delta_api import blp as delta_api_blp"], "external_methods": ["Flask()", "CORS()", "app.config[]", "api.register_blueprint()"], "published": [], "classes": [], "methods": [], "calls": ["Flask", "CORS", "api.register_blueprint"], "search-terms": ["Flask initialization", "API configuration", "CORS setup", "blueprint registration", "deltaarm robot emulator"], "state": 2, "file_id": 2, "knowledge_revision": 17, "git_revision": "34762510269d1f0b1eb6027d92c866b928d6e805", "revision_history": [{"13": "34762510269d1f0b1eb6027d92c866b928d6e805"}, {"17": "34762510269d1f0b1eb6027d92c866b928d6e805"}], "ctags": [{"_type": "tag", "name": "api", "path": "/home/kavia/workspace/code-generation/deltaarm-robot-emulator-54-63/ros2_emulator_backend/app/__init__.py", "pattern": "/^api = Api(app)$/", "language": "Python", "kind": "variable"}, {"_type": "tag", "name": "app", "path": "/home/kavia/workspace/code-generation/deltaarm-robot-emulator-54-63/ros2_emulator_backend/app/__init__.py", "pattern": "/^app = Flask(__name__)$/", "language": "Python", "kind": "variable"}, {"_type": "tag", "name": "delta_api_blp", "path": "/home/kavia/workspace/code-generation/deltaarm-robot-emulator-54-63/ros2_emulator_backend/app/__init__.py", "pattern": "/^from .routes.delta_api import blp as delta_api_blp$/", "language": "Python", "kind": "unknown", "nameref": "unknown:blp"}, {"_type": "tag", "name": "health_blp", "path": "/home/kavia/workspace/code-generation/deltaarm-robot-emulator-54-63/ros2_emulator_backend/app/__init__.py", "pattern": "/^from .routes.health import blp as health_blp$/", "language": "Python", "kind": "unknown", "nameref": "unknown:blp"}], "hash": "8aa71467a2fa2f28d180803d39dfe176", "format-version": 4, "code-base-name": "ros2_emulator_backend", "filename": "ros2_emulator_backend/app/__init__.py", "fields": [{"name": "api = Api(app)", "scope": "", "scopeKind": "", "description": "unavailable"}, {"name": "app = Flask(__name__)", "scope": "", "scopeKind": "", "description": "unavailable"}]}