{"is_source_file": true, "format": "Python", "description": "This file defines a Flask route for health checking, utilizing Flask-Smorest Blueprint and MethodView to create a simple health status endpoint.", "external_files": ["flask_smorest", "flask.views"], "external_methods": ["Blueprint", "MethodView"], "published": ["blp"], "classes": [{"name": "HealthCheck", "description": "A Flask view class that handles GET requests to check the application's health status."}], "methods": [{"name": "get(self)", "description": "Handles GET requests to return a health status message.", "scope": "HealthCheck", "scopeKind": "class"}], "calls": ["blp.route"], "search-terms": ["health", "flask_smorest", "MethodView", "Blueprint", "GET endpoint", "health check route"], "state": 2, "file_id": 4, "knowledge_revision": 11, "git_revision": "34762510269d1f0b1eb6027d92c866b928d6e805", "ctags": [{"_type": "tag", "name": "HealthCheck", "path": "/home/kavia/workspace/code-generation/deltaarm-robot-emulator-54-63/ros2_emulator_backend/app/routes/health.py", "pattern": "/^class HealthCheck(MethodView):$/", "language": "Python", "kind": "class"}, {"_type": "tag", "name": "blp", "path": "/home/kavia/workspace/code-generation/deltaarm-robot-emulator-54-63/ros2_emulator_backend/app/routes/health.py", "pattern": "/^blp = Blueprint(\"Healt Check\", \"health check\", url_prefix=\"\\/\", description=\"Health check route\"/", "language": "Python", "kind": "variable"}, {"_type": "tag", "name": "get", "path": "/home/kavia/workspace/code-generation/deltaarm-robot-emulator-54-63/ros2_emulator_backend/app/routes/health.py", "pattern": "/^    def get(self):$/", "language": "Python", "kind": "member", "signature": "(self)", "scope": "HealthCheck", "scopeKind": "class"}], "hash": "5ccb26207c10cfd25878b9712bbd6409", "format-version": 4, "code-base-name": "ros2_emulator_backend", "filename": "ros2_emulator_backend/app/routes/health.py", "fields": [{"name": "blp = Blueprint(\"Healt Check\", \"health check\", url_prefix=\"\\/\", description=\"Health check route\"/", "scope": "", "scopeKind": "", "description": "unavailable"}], "revision_history": [{"11": "34762510269d1f0b1eb6027d92c866b928d6e805"}]}