{"is_source_file": false, "format": "", "description": "", "external_files": [], "external_methods": [], "published": [], "classes": [], "methods": [], "calls": [], "search-terms": [], "state": 2, "file_id": 14, "knowledge_revision": 34, "git_revision": "bd033e269312a1593b33875149da9b16d97faeec", "hash": "b3f5206be71ebf2340cac3b714efec0a", "format-version": 4, "code-base-name": "ros2_emulator_backend", "filename": "ros2_emulator_backend/IMPLEMENTATION_SUMMARY.md", "revision_history": [{"34": "bd033e269312a1593b33875149da9b16d97faeec"}]}